temperature_C,time_h,retention
110,0.0,1.0612
110,2062.8,0.7959
110,4125.5,0.7523
110,6188.3,0.6295
110,8251.0,0.5445
110,10313.8,0.4728
110,12376.5,0.3853
110,14439.3,0.3511
120,0.0,0.974
120,928.3,0.9479
120,1856.5,0.748
120,2784.8,0.6337
120,3713.1,0.5474
120,4641.3,0.4663
120,5569.6,0.3972
120,6497.9,0.3494
135,0.0,1.0145
135,301.6,0.8558
135,603.1,0.7643
135,904.7,0.6366
135,1206.2,0.5524
135,1507.8,0.4979
135,1809.4,0.4169
135,2110.9,0.3482
150,0.0,0.9945
150,106.1,0.876
150,212.2,0.7861
150,318.3,0.6353
150,424.4,0.548
150,530.5,0.4902
150,636.6,0.3993
150,742.7,0.3505
